City_ID,City,Country,Lat,Lng,Max Temp,Humidity,Cloudiness,Wind Speed,Current Description
0,Nhulunbuy,AU,-12.2333,136.7667,86.61,70,75,10.36,broken clouds
1,Bombay,IN,19.0144,72.8479,82.38,89,75,5.75,haze
2,Victoria,HK,22.2855,114.1577,74.25,48,7,13.0,clear sky
3,Muros,ES,42.7762,-9.0603,60.84,94,76,5.7,broken clouds
4,Saint-Philippe,RE,-21.3585,55.7679,67.59,82,30,9.98,scattered clouds
5,Hermanus,ZA,-34.4187,19.2345,69.13,52,99,7.16,overcast clouds
6,Ushuaia,AR,-54.8,-68.3,42.46,70,75,18.41,broken clouds
7,La Rioja,ES,42.25,-2.5,53.38,74,100,1.5,overcast clouds
8,Dikson,RU,73.5069,80.5464,34.65,98,100,8.99,overcast clouds
9,Buraydah,SA,26.326,43.975,72.05,15,0,2.95,clear sky
10,Yellowknife,CA,62.456,-114.3525,52.32,58,75,18.41,broken clouds
11,Viedma,AR,-40.8135,-62.9967,52.97,60,0,14.54,clear sky
12,Vaini,TO,-21.2,-175.2,78.96,73,40,25.32,scattered clouds
13,Marzuq,YE,14.4,46.4667,69.58,61,9,0.74,clear sky
14,Berbera,SO,10.4396,45.0143,83.97,75,7,6.2,clear sky
15,Lasa,IT,46.6166,10.7002,54.48,82,80,3.31,broken clouds
16,Mataura,NZ,-46.1927,168.8643,48.16,79,99,7.36,overcast clouds
17,Bathsheba,BB,13.2167,-59.5167,83.01,83,40,18.41,scattered clouds
18,Lagoa,PT,39.05,-27.9833,69.57,86,82,5.14,broken clouds
19,Souillac,MU,-20.5167,57.5167,70.18,88,75,9.22,broken clouds
20,Nanortalik,GL,60.1432,-45.2371,37.65,91,99,4.99,light rain
21,San Andres,CO,12.5847,-81.7006,82.42,78,75,5.75,broken clouds
22,Nabire,ID,-3.3667,135.4833,83.79,72,87,0.92,overcast clouds
23,Richards Bay,ZA,-28.783,32.0377,70.88,90,99,11.45,overcast clouds
24,Qaanaaq,GL,77.484,-69.3632,6.76,57,29,7.72,scattered clouds
25,Rikitea,PF,-23.1203,-134.9692,72.3,72,21,7.18,few clouds
26,Thompson,CA,55.7435,-97.8558,66.36,39,20,11.5,few clouds
27,Vila Velha,BR,-20.3297,-40.2925,78.75,83,100,8.05,overcast clouds
28,Fayetteville,US,35.0527,-78.8784,67.59,77,75,3.44,broken clouds
29,Port Alfred,ZA,-33.5906,26.891,67.17,86,100,3.0,overcast clouds
30,Saint George,US,37.1041,-113.5841,82.99,24,0,25.32,clear sky
31,Xai-Xai,MZ,-25.0519,33.6442,71.17,90,1,2.98,clear sky
32,Busselton,AU,-33.65,115.3333,53.29,70,99,9.66,overcast clouds
33,Punta Arenas,CL,-53.15,-70.9167,46.51,61,75,10.36,broken clouds
34,Tupik,RU,54.4253,119.9327,33.42,70,11,1.1,few clouds
35,Mar Del Plata,AR,-38.0023,-57.5575,53.1,77,0,18.99,clear sky
36,Havre-Saint-Pierre,CA,50.2334,-63.5986,42.8,75,100,11.5,overcast clouds
37,Bengkulu,ID,-3.8004,102.2655,76.78,83,100,3.2,overcast clouds
38,Sioux Lookout,CA,50.1001,-91.917,55.47,54,75,9.22,broken clouds
39,Atuona,PF,-9.8,-139.0333,76.93,71,14,14.5,few clouds
40,Dingle,PH,10.9995,122.6711,80.33,83,44,2.64,scattered clouds
41,Khatanga,RU,71.9667,102.5,7.93,96,84,3.22,broken clouds
42,Geraldton,AU,-28.7667,114.6,52.21,82,97,3.44,overcast clouds
43,Truro,GB,50.2653,-5.0544,51.08,76,71,6.91,broken clouds
44,Bluff,NZ,-46.6,168.3333,48.6,63,76,16.24,broken clouds
45,Avarua,CK,-21.2078,-159.775,78.85,61,75,27.63,broken clouds
46,Mehamn,NO,71.0357,27.8492,42.75,81,75,8.05,broken clouds
47,Kedrovyy,RU,56.1667,91.8167,41.41,89,100,13.91,light rain
48,Morehead,US,37.2711,-87.1764,64.99,54,0,0.0,clear sky
49,Longyearbyen,SJ,78.2186,15.6401,33.64,75,20,13.8,few clouds
50,Tiksi,RU,71.6872,128.8694,11.95,88,99,13.69,overcast clouds
51,Port Hawkesbury,CA,45.6169,-61.3485,49.59,87,0,3.44,clear sky
52,Iqaluit,CA,63.7506,-68.5145,22.73,85,40,12.66,scattered clouds
53,Acapulco,MX,16.8634,-99.8901,87.62,74,75,6.91,broken clouds
54,Port Hardy,CA,50.6996,-127.4199,57.38,62,40,17.27,scattered clouds
55,New Norfolk,AU,-42.7826,147.0587,59.92,62,57,1.01,broken clouds
56,Arraial Do Cabo,BR,-22.9661,-42.0278,70.47,94,85,1.59,overcast clouds
57,Albany,US,42.6001,-73.9662,50.23,90,37,4.14,scattered clouds
58,Guerrero Negro,MX,27.9769,-114.0611,72.88,75,9,15.19,clear sky
59,Baykit,RU,61.67,96.37,39.9,98,100,4.9,overcast clouds
60,East London,ZA,-33.0153,27.9116,67.6,84,100,10.96,overcast clouds
61,Grindavik,IS,63.8424,-22.4338,37.87,75,100,14.97,overcast clouds
62,Tomigusuku,JP,26.185,127.675,74.97,60,40,23.02,scattered clouds
63,Butaritari,KI,3.0707,172.7902,82.06,75,85,13.6,overcast clouds
64,Barrow,US,71.2906,-156.7887,28.42,93,100,10.36,overcast clouds
65,Georgetown,MY,5.4112,100.3354,80.53,89,20,2.3,few clouds
66,Kudahuvadhoo,MV,2.6708,72.8944,81.23,79,67,20.56,broken clouds
67,Tuktoyaktuk,CA,69.4541,-133.0374,30.2,86,100,14.97,overcast clouds
68,Rocha,UY,-34.4833,-54.3333,43.63,87,26,5.7,scattered clouds
69,Tautira,PF,-17.7333,-149.15,75.74,79,32,11.99,light rain
70,Hilo,US,19.7297,-155.09,87.53,76,20,13.8,few clouds
71,Constitucion,CL,-35.3333,-72.4167,51.26,82,0,10.25,clear sky
72,Katobu,ID,-4.9408,122.5276,81.45,78,91,2.33,overcast clouds
73,Telde,ES,27.9924,-15.4192,70.02,64,20,17.27,few clouds
74,Rudnogorsk,RU,57.2639,103.7519,39.02,94,100,7.72,overcast clouds
75,Jamestown,US,42.097,-79.2353,49.59,78,11,1.01,few clouds
76,Verdun,FR,49.25,5.3333,55.42,90,86,5.53,overcast clouds
77,Deer Lake,CA,49.1667,-57.4316,35.46,87,40,3.44,scattered clouds
78,Lorengau,PG,-2.0226,147.2712,84.33,58,58,7.05,broken clouds
79,Taltal,CL,-25.4,-70.4833,59.88,67,15,4.34,few clouds
80,Kirakira,SB,-10.4544,161.9205,83.44,71,27,4.94,scattered clouds
81,Bredasdorp,ZA,-34.5322,20.0403,65.95,58,93,4.85,overcast clouds
82,Beloha,MG,-25.1667,45.05,65.23,98,29,4.9,scattered clouds
83,Mareeba,AU,-17.0,145.4333,81.48,66,10,7.27,clear sky
84,Morondava,MG,-20.2833,44.2833,75.43,82,19,4.76,few clouds
85,Umm Kaddadah,SD,13.6017,26.6876,84.38,43,7,6.49,clear sky
86,Marsabit,KE,2.3284,37.9899,62.58,74,0,17.36,clear sky
87,Bambous Virieux,MU,-20.3428,57.7575,70.05,88,75,9.22,broken clouds
88,Rehoboth,NA,-23.3167,17.0833,71.53,19,96,3.27,overcast clouds
89,Te Anau,NZ,-45.4167,167.7167,56.88,47,71,4.88,broken clouds
90,Mecca,SA,21.4267,39.8261,80.92,58,0,1.59,clear sky
91,Pangnirtung,CA,66.1451,-65.7125,23.74,70,98,2.19,overcast clouds
92,Avera,US,33.194,-82.5271,69.85,70,32,7.05,scattered clouds
93,Nikolskoye,RU,59.7035,30.7861,46.29,86,37,6.58,scattered clouds
94,San Cristobal,VE,7.7669,-72.225,75.38,92,99,2.57,overcast clouds
95,Lompoc,US,34.6391,-120.4579,77.14,83,100,9.22,overcast clouds
96,Port Hedland,AU,-20.3167,118.5667,75.25,60,33,10.36,scattered clouds
97,Tomatlan,MX,19.9333,-105.25,84.09,77,52,1.97,broken clouds
98,Sitka,US,57.0531,-135.33,49.89,81,100,0.0,light rain
99,Flinders,AU,-34.5833,150.8552,60.26,67,96,4.03,overcast clouds
100,Ponta Do Sol,PT,32.6667,-17.1,72.12,72,43,5.68,scattered clouds
101,Broome,US,42.2506,-75.833,52.18,88,0,8.05,clear sky
102,Lumphat,KH,13.4878,106.9816,73.17,89,86,2.57,overcast clouds
103,Yangambi,CD,0.8102,24.4336,68.31,99,100,1.19,light rain
104,Hasaki,JP,35.7333,140.8333,75.22,50,99,20.51,overcast clouds
105,Shyroke,UA,47.6917,33.2571,47.23,74,13,12.17,few clouds
106,Bilibino,RU,68.0546,166.4372,15.15,94,100,5.77,light snow
107,Topolobampo,MX,25.6,-109.05,93.11,31,0,20.71,clear sky
108,Valdivia,CL,-39.8142,-73.2459,57.29,96,3,1.54,clear sky
109,Bohdan,UA,48.0412,24.3522,44.28,60,50,1.59,light rain
110,Idrinskoye,RU,54.3708,92.1358,41.29,87,99,6.93,light rain
111,Hualmay,PE,-11.0964,-77.6139,62.8,83,39,11.21,scattered clouds
112,Sao Filipe,CV,14.8961,-24.4956,78.87,77,59,7.99,broken clouds
113,Okhotsk,RU,59.3833,143.3,34.02,49,100,6.85,overcast clouds
114,Middlebury,US,44.0153,-73.1673,47.57,89,40,0.0,scattered clouds
115,Kapaa,US,22.0752,-159.319,85.98,65,0,8.05,clear sky
116,Xichang,CN,27.8964,102.2634,51.84,94,100,1.23,overcast clouds
117,Seymchan,RU,62.8833,152.4333,11.21,85,37,2.59,scattered clouds
118,Kodiak,US,57.79,-152.4072,58.51,55,0,10.36,clear sky
119,Fayaoue,NC,-20.65,166.5333,75.74,70,100,15.21,overcast clouds
120,San Rafael Del Sur,NI,11.8485,-86.4384,83.37,90,77,3.15,broken clouds
121,Castro,BR,-24.7911,-50.0119,57.25,97,100,7.76,moderate rain
122,Ust-Kuyga,RU,70.0167,135.6,9.05,97,98,8.72,overcast clouds
123,Hamilton,US,39.1834,-84.5333,65.84,54,0,4.61,clear sky
124,Taoudenni,ML,22.6783,-3.9836,89.87,21,21,10.36,few clouds
125,Kiama,AU,-34.6833,150.8667,62.01,64,93,4.41,overcast clouds
126,Santa Maria,BR,-29.6842,-53.8069,52.9,94,100,10.36,light rain
127,Faanui,PF,-16.4833,-151.75,78.24,75,27,15.95,scattered clouds
128,Inhambane,MZ,-23.865,35.3833,73.89,83,29,5.93,scattered clouds
129,Velyka Bahachka,UA,49.7912,33.7226,46.08,76,99,14.03,overcast clouds
130,Ayagoz,KZ,47.9714,80.4392,33.42,83,6,5.06,clear sky
131,Codrington,AU,-38.2667,141.9667,62.46,66,94,14.63,overcast clouds
132,Hofn,IS,64.2539,-15.2082,34.7,59,67,7.7,broken clouds
133,Ancud,CL,-41.8697,-73.8203,45.61,81,28,5.95,scattered clouds
134,Kavieng,PG,-2.5744,150.7967,84.43,62,44,7.43,scattered clouds
135,Puerto Baquerizo Moreno,EC,-0.9,-89.6,67.05,78,90,11.63,overcast clouds
136,Poum,NC,-20.2333,164.0167,78.04,71,84,20.76,broken clouds
137,Coihaique,CL,-45.5752,-72.0662,49.95,62,75,4.61,broken clouds
138,Mae Ramat,TH,16.984,98.5166,75.79,97,88,2.19,overcast clouds
139,Namibe,AO,-15.1961,12.1522,66.52,89,51,9.08,broken clouds
140,North Bend,US,43.4065,-124.2243,63.91,91,100,20.71,overcast clouds
141,Clyde River,CA,70.4692,-68.5914,17.83,79,75,14.97,broken clouds
142,Abha,SA,18.2164,42.5053,60.62,39,0,4.61,clear sky
143,Manono,CD,-7.3,27.4167,70.54,68,35,0.27,scattered clouds
144,Minab,IR,27.1467,57.0801,71.92,60,0,0.0,clear sky
145,Cape Town,ZA,-33.9258,18.4232,70.12,64,0,16.11,clear sky
146,Saint-Augustin,CA,51.226,-58.6502,39.96,59,88,10.92,overcast clouds
147,San Patricio,US,28.017,-97.5169,84.15,56,72,13.11,broken clouds
148,Carutapera,BR,-1.195,-46.02,78.66,79,20,8.97,few clouds
149,Nioro,GM,13.35,-15.75,76.91,88,92,3.11,overcast clouds
150,Pevek,RU,69.7008,170.3133,25.81,75,100,26.26,overcast clouds
151,Namatanai,PG,-3.6667,152.4333,84.83,57,6,3.58,clear sky
152,Cidreira,BR,-30.1811,-50.2056,58.44,94,100,18.45,moderate rain
153,Los Llanos De Aridane,ES,28.6585,-17.9182,65.95,84,0,9.22,clear sky
154,Vardo,NO,70.3705,31.1107,42.78,87,40,8.05,scattered clouds
155,Cranbrook,CA,49.4999,-115.7688,69.64,30,40,10.36,smoke
156,Nurota,UZ,40.5614,65.6886,51.06,23,0,5.5,clear sky
157,Port Lincoln,AU,-34.7333,135.8667,64.24,66,97,16.91,overcast clouds
158,Lavrentiya,RU,65.5833,-171.0,28.76,51,2,7.76,clear sky
159,Waingapu,ID,-9.6567,120.2641,83.64,65,100,4.56,overcast clouds
160,Bien Hoa,VN,10.95,106.8167,76.98,89,98,2.53,overcast clouds
161,Touros,BR,-5.1989,-35.4608,77.9,79,18,17.76,few clouds
162,Anadyr,RU,64.75,177.4833,27.1,68,0,13.42,clear sky
163,Comodoro Rivadavia,AR,-45.8667,-67.5,64.26,27,0,10.36,clear sky
164,Kihei,US,20.785,-156.4656,87.82,78,40,14.97,light rain
165,Sobolevo,RU,54.4299,31.8996,38.48,88,0,2.95,clear sky
166,Hobart,AU,-42.8794,147.3294,60.26,72,75,9.22,broken clouds
167,Lata,PT,40.1629,-8.3327,64.08,93,98,3.02,overcast clouds
168,San Policarpo,PH,12.1791,125.5072,82.63,76,63,5.03,broken clouds
169,Ballingry,GB,56.1639,-3.3284,46.17,91,94,8.01,overcast clouds
170,Puri,IN,19.8,85.85,77.52,78,78,6.76,broken clouds
171,Kaitangata,NZ,-46.2817,169.8464,52.92,56,90,12.24,overcast clouds
172,Pitimbu,BR,-7.4706,-34.8086,79.39,77,20,13.87,few clouds
173,Puerto Ayora,EC,-0.7393,-90.3518,66.54,90,72,5.01,broken clouds
174,Gawler,AU,-34.6,138.7333,67.24,47,90,12.5,overcast clouds
175,Chuy,UY,-33.6971,-53.4616,48.63,75,17,6.78,few clouds
176,Torbay,CA,47.6666,-52.7314,47.26,77,20,12.66,few clouds
177,Dunedin,NZ,-45.8742,170.5036,46.8,89,99,13.0,overcast clouds
178,Samur,RU,41.8253,48.486,64.83,70,41,5.35,scattered clouds
179,Zaysan,KZ,47.4667,84.8667,37.44,72,11,6.8,few clouds
180,Mandalgovi,MN,45.7625,106.2708,35.74,26,48,3.22,scattered clouds
181,Severo-Kurilsk,RU,50.6789,156.125,46.78,85,100,17.25,light rain
182,Bulgan,MN,48.8125,103.5347,36.32,60,100,2.48,overcast clouds
183,Kaeo,NZ,-35.1,173.7833,69.33,69,92,5.73,overcast clouds
184,Zhigansk,RU,66.7697,123.3711,14.56,94,55,6.22,broken clouds
185,Bud,US,39.447,-86.1758,69.78,59,4,7.05,clear sky
186,Maldonado,UY,-34.6667,-54.9167,51.22,85,18,6.87,few clouds
187,Malakal,SS,9.5334,31.6605,69.08,92,21,0.43,moderate rain
188,Qaqortoq,GL,60.7167,-46.0333,35.87,96,100,11.1,light rain
189,Natal,BR,-5.795,-35.2094,77.65,78,40,13.8,scattered clouds
190,Tasiilaq,GL,65.6145,-37.6368,33.96,98,100,20.38,snow
191,Cherskiy,RU,68.75,161.3,18.9,94,96,14.9,overcast clouds
192,Bowen,AU,-20.0167,148.2333,77.25,70,91,16.6,overcast clouds
193,Carnarvon,AU,-24.8667,113.6333,63.9,59,87,22.93,overcast clouds
194,Goderich,CA,43.7501,-81.7165,51.91,76,24,2.3,few clouds
195,Evansville,US,37.9748,-87.5558,73.22,42,0,4.61,clear sky
196,Saskylakh,RU,71.9167,114.0833,9.57,95,27,8.95,scattered clouds
197,Ribeira Grande,PT,38.5167,-28.7,69.78,86,17,4.0,few clouds
198,Fort Nelson,CA,58.8053,-122.7002,54.99,28,75,25.32,broken clouds
199,Redlands,US,34.0556,-117.1825,87.24,44,40,9.22,haze
200,Port Elizabeth,ZA,-33.918,25.5701,69.31,85,0,4.61,clear sky
201,Berlevag,NO,70.8578,29.0864,42.8,81,100,3.44,overcast clouds
202,Prince Rupert,CA,54.3161,-130.3201,55.49,71,100,9.22,overcast clouds
203,Zaragoza,ES,41.6561,-0.8773,67.01,78,20,5.01,few clouds
204,Rochester,US,43.1548,-77.6156,50.36,82,41,3.33,scattered clouds
205,Upernavik,GL,72.7868,-56.1549,17.31,68,97,4.32,overcast clouds
206,Sao Miguel Do Araguaia,BR,-13.275,-50.1628,86.27,25,15,1.99,few clouds
207,Lahaina,US,20.8783,-156.6825,87.8,85,7,3.27,light rain
208,Mchinji,MW,-13.7984,32.8802,64.45,39,0,3.56,clear sky
209,Salalah,OM,17.0151,54.0924,73.49,60,0,3.44,clear sky
210,Hami,CN,42.8,93.45,51.84,31,46,14.63,scattered clouds
211,Kinna,SE,57.5073,12.6946,52.45,84,85,12.35,overcast clouds
212,Margate,GB,51.3813,1.3862,53.69,71,6,1.99,clear sky
213,Aykhal,RU,66.0,111.5,26.91,96,96,7.87,overcast clouds
214,Pizarro,CO,4.9533,-77.366,76.6,89,100,4.54,overcast clouds
215,Esso,RU,55.9333,158.7,33.42,76,60,3.42,broken clouds
216,Provideniya,RU,64.3833,-173.3,33.91,64,40,11.18,scattered clouds
217,Vagur,FO,61.4732,-6.8119,45.28,62,97,14.99,overcast clouds
218,Axim,GH,4.8699,-2.2405,76.05,88,85,6.91,overcast clouds
219,Narsaq,GL,60.9167,-46.05,35.82,98,100,7.56,light rain
220,Adrar,MR,20.5022,-10.0711,89.11,22,18,9.15,few clouds
221,Byron Bay,AU,-28.65,153.6167,65.71,61,96,15.19,overcast clouds
222,Westport,US,41.1415,-73.3579,62.37,70,75,4.0,broken clouds
223,Lima,PE,-12.0432,-77.0282,65.89,71,40,18.41,scattered clouds
224,Yenagoa,NG,4.9247,6.2642,75.0,94,100,2.33,moderate rain
225,Moratuwa,LK,6.773,79.8816,77.02,87,41,6.29,scattered clouds
226,Cabo San Lucas,MX,22.8909,-109.9124,90.7,58,0,5.75,clear sky
227,Yangjiang,CN,21.85,111.9667,66.49,56,6,8.37,clear sky
228,Dunblane,GB,56.1884,-3.9642,48.78,93,91,5.03,overcast clouds
229,Yokadouma,CM,3.5167,15.05,66.43,99,81,0.74,broken clouds
230,Fairbanks,US,64.8378,-147.7164,35.1,79,40,5.75,scattered clouds
231,Haines Junction,CA,60.7522,-137.5108,48.15,49,100,3.44,overcast clouds
232,Bodrum,TR,37.0383,27.4292,69.28,75,4,1.14,clear sky
233,West Bay,KY,19.3667,-81.4167,84.27,85,20,6.91,few clouds
234,Aklavik,CA,68.2191,-135.0107,32.07,87,100,9.78,overcast clouds
235,Oshikango,NA,-17.4,15.8833,69.49,16,23,3.56,few clouds
236,Vao,NC,-22.6667,167.4833,72.46,64,100,15.97,light rain
237,Weiser,US,44.251,-116.9693,79.0,29,2,3.0,clear sky
238,Broken Hill,AU,-31.95,141.4333,66.79,27,100,11.83,overcast clouds
239,Siuri,IN,23.9167,87.5333,75.99,92,57,5.44,broken clouds
240,Senneterre,CA,48.3835,-77.2328,33.21,94,71,5.7,broken clouds
241,Manado,ID,1.487,124.8455,79.57,89,20,0.0,few clouds
242,Ahipara,NZ,-35.1667,173.1667,66.2,58,64,3.49,broken clouds
243,Udachnyy,RU,66.4167,112.4,23.9,94,95,7.05,overcast clouds
244,Kavaratti,IN,10.5669,72.642,80.1,79,80,7.02,broken clouds
245,Whitehorse,CA,60.7161,-135.0538,48.97,43,75,10.36,broken clouds
246,Shitanjing,CN,39.2342,106.3439,42.87,18,0,5.48,clear sky
247,Kokstad,ZA,-30.5472,29.4241,65.43,59,91,4.5,overcast clouds
248,Bethel,US,41.3712,-73.414,59.56,77,0,5.75,clear sky
249,Nelson Bay,AU,-32.7167,152.15,66.11,60,100,11.01,overcast clouds
250,Havoysund,NO,70.9963,24.6622,44.83,83,100,13.56,light rain
251,Kantunilkin,MX,21.0917,-87.45,75.63,97,100,1.95,overcast clouds
252,Yar-Sale,RU,66.8333,70.8333,38.1,91,93,15.35,overcast clouds
253,Ratnagiri,IN,16.9833,73.3,76.68,89,100,3.74,overcast clouds
254,Southbridge,US,42.0751,-72.0334,56.39,91,82,3.0,broken clouds
255,Teknaf,BD,20.8624,92.3058,77.63,89,96,3.22,overcast clouds
256,Kiruna,SE,67.8557,20.2251,41.92,87,100,8.05,overcast clouds
257,Kouroussa,GN,10.65,-9.8833,73.02,92,80,2.86,moderate rain
258,Tigbao,PH,12.5546,123.3389,83.61,74,80,12.01,broken clouds
259,Qingquan,CN,30.4511,115.2559,55.94,49,72,2.64,broken clouds
260,Nachingwea,TZ,-10.3833,38.7667,66.02,81,0,2.1,clear sky
261,Ugoofaaru,MV,5.6667,73.0,81.3,79,74,20.49,light rain
262,Maniitsoq,GL,65.4167,-52.9,36.68,79,100,15.21,overcast clouds
263,Urusha,RU,54.05,122.9,35.17,63,7,1.77,clear sky
264,Khasan,RU,42.4308,130.6434,48.54,61,89,28.23,overcast clouds
265,Ixtapa,MX,20.7,-105.2,83.26,79,13,2.26,few clouds
266,Svetlyy,RU,54.675,20.1347,48.25,62,93,17.25,overcast clouds
267,Port-Cartier,CA,50.0334,-66.8654,42.91,67,100,12.3,overcast clouds
268,Coquimbo,CL,-29.9533,-71.3436,55.13,76,20,8.05,few clouds
269,Tottori,JP,35.5,134.2333,59.07,63,75,1.14,broken clouds
270,Kupang,ID,-10.1667,123.5833,85.75,59,97,1.81,overcast clouds
271,Selikhino,RU,50.3672,137.4996,37.81,94,100,16.49,overcast clouds
272,Bhatkal,IN,13.9667,74.5667,75.99,92,100,4.97,moderate rain
273,Takoradi,GH,4.8845,-1.7554,76.55,88,40,7.52,scattered clouds
274,Acajutla,SV,13.5928,-89.8275,76.55,91,100,8.25,overcast clouds
275,Otane,NZ,-39.8833,176.6333,65.01,67,78,2.13,light rain
276,Sirjan,IR,29.452,55.6814,59.09,14,0,4.36,clear sky
277,Artyom,AZ,40.4723,50.333,64.54,82,2,8.1,clear sky
278,Ilulissat,GL,69.2167,-51.1,24.82,80,75,2.3,broken clouds
279,Hithadhoo,MV,-0.6,73.0833,80.89,79,100,20.18,moderate rain
280,Ostersund,SE,63.1792,14.6357,46.85,87,75,10.36,broken clouds
281,Tungor,RU,53.3808,142.9564,47.01,91,100,12.82,overcast clouds
282,Soe,ID,-9.8607,124.284,79.11,52,100,2.64,overcast clouds
283,The Valley,AI,18.217,-63.0578,82.54,83,20,8.05,few clouds
284,Bambanglipuro,ID,-7.95,110.2833,78.94,83,95,6.64,overcast clouds
285,Shenzhen,CN,22.5455,114.0683,72.21,52,5,8.03,clear sky
286,Gornopravdinsk,RU,60.05,69.9,41.95,95,61,8.23,broken clouds
287,Ankang,CN,32.68,109.0172,50.0,74,1,0.67,clear sky
288,Gorontalo,ID,0.5412,123.0595,79.81,88,87,1.61,overcast clouds
289,Khor,RU,47.8861,134.9464,42.87,92,100,15.75,light rain
290,Chapais,CA,49.7834,-74.8492,38.98,90,100,8.7,overcast clouds
291,Fengrun,CN,39.8333,118.1167,49.06,30,0,2.28,clear sky
292,Esperance,AU,-33.8667,121.9,51.64,69,99,18.63,overcast clouds
293,Luderitz,NA,-26.6481,15.1594,58.03,92,25,3.0,scattered clouds
294,Turka,UA,49.1541,23.0297,49.15,84,7,5.79,clear sky
295,Somanda,TZ,-3.3667,33.95,70.56,42,56,8.59,broken clouds
296,Erzin,TR,36.9559,36.2,67.19,54,0,2.51,clear sky
297,Alofi,NU,-19.0595,-169.9187,80.49,78,75,11.5,broken clouds
298,Pedernales,DO,18.0384,-71.744,81.91,73,19,12.15,few clouds
299,General Roca,AR,-39.0333,-67.5833,65.44,14,66,3.8,broken clouds
300,Borogontsy,RU,62.6683,131.1683,27.61,87,87,6.24,overcast clouds
301,Ashtabula,US,41.7001,-80.7665,56.84,89,0,0.0,clear sky
302,Kidal,ML,18.4411,1.4078,84.36,16,30,11.72,scattered clouds
303,Bar Harbor,US,44.3876,-68.2039,46.02,87,100,1.99,overcast clouds
304,Waw,SS,7.7029,27.9953,70.43,94,79,3.71,light rain
305,Aksarka,RU,66.5606,67.7975,39.43,88,100,17.38,overcast clouds
306,Tarija,BO,-21.5355,-64.7296,58.91,26,0,8.05,clear sky
307,Inuvik,CA,68.3499,-133.7218,31.21,89,100,10.36,overcast clouds
308,Leningradskiy,RU,69.3833,178.4167,22.57,69,98,20.71,overcast clouds
309,Porvoo,FI,60.3923,25.6651,49.23,79,11,13.15,few clouds
310,Banda Aceh,ID,5.5577,95.3222,77.52,80,99,9.22,overcast clouds
311,Menongue,AO,-14.6585,17.691,67.26,24,63,7.14,broken clouds
312,Wanaka,NZ,-44.7,169.15,53.37,69,86,4.76,overcast clouds
313,Ulladulla,AU,-35.35,150.4667,59.54,62,57,6.49,broken clouds
314,Mayo,US,38.8876,-76.5119,62.55,81,0,3.44,clear sky
315,Ambulu,ID,-8.345,113.6058,77.65,88,100,1.05,overcast clouds
316,Saint-Joseph,RE,-21.3667,55.6167,66.58,80,21,8.81,few clouds
317,Iracoubo,GF,5.4802,-53.2011,80.04,88,22,10.29,few clouds
318,Abu Samrah,SY,35.3029,37.1841,66.49,64,0,3.65,clear sky
319,Yanam,IN,16.7333,82.2167,75.69,94,100,0.89,light rain
320,Corn Island,NI,12.1694,-83.0418,83.35,79,94,10.69,overcast clouds
321,Chaihe,CN,44.7667,129.7,39.69,53,42,12.8,scattered clouds
322,Pascagoula,US,30.3658,-88.5561,78.85,48,0,6.91,clear sky
323,Mumford,GH,5.2618,-0.759,76.62,88,29,6.82,light rain
324,Vanimo,PG,-2.6741,141.3028,83.73,72,89,6.17,overcast clouds
325,Barcelona,ES,41.3888,2.159,68.77,83,20,4.61,few clouds
326,Fortuna,US,40.5982,-124.1573,63.93,80,0,16.11,clear sky
327,Tiruppuvanam,IN,9.8333,78.2667,77.38,73,40,2.3,mist
328,Xiaoweizhai,CN,26.1903,107.5125,53.24,66,100,2.95,overcast clouds
329,Laguna De Perlas,NI,12.3429,-83.6712,80.69,87,99,6.24,overcast clouds
330,Mandiana,GN,10.6333,-8.6833,73.18,90,44,2.13,light rain
331,Urucara,BR,-2.5364,-57.76,74.1,85,98,1.86,overcast clouds
332,Zeliezovce,SK,48.0508,18.6542,54.79,59,93,3.62,overcast clouds
333,Sonthofen,DE,47.5167,10.2833,52.88,93,79,3.0,broken clouds
334,Kulhudhuffushi,MV,6.6221,73.07,81.32,79,93,19.53,overcast clouds
335,Tayoltita,MX,24.0833,-105.9333,75.34,63,4,3.38,clear sky
336,Ngunguru,NZ,-35.6167,174.5,62.8,66,78,8.28,broken clouds
337,Portland,US,45.5234,-122.6762,79.65,58,75,9.22,broken clouds
338,Sorong,ID,-0.8833,131.25,80.29,83,100,5.55,overcast clouds
339,Cururupu,BR,-1.8283,-44.8683,77.5,82,41,5.23,scattered clouds
340,Beringovskiy,RU,63.05,179.3167,32.99,51,25,8.16,scattered clouds
341,Matagami,CA,49.7502,-77.6328,42.91,61,0,8.05,clear sky
342,Baillif,GP,16.0202,-61.7463,78.3,79,93,11.03,overcast clouds
343,Goundam,ML,16.4145,-3.6708,91.99,14,31,7.25,scattered clouds
344,Barsovo,RU,61.1667,73.1667,39.33,94,72,10.87,broken clouds
345,Launceston,AU,-41.45,147.1667,59.61,64,40,6.91,scattered clouds
346,Ruteng,ID,-8.6136,120.4721,70.23,71,100,1.03,overcast clouds
347,Teguldet,RU,57.3064,88.1667,44.11,79,100,13.87,overcast clouds
348,Reconquista,AR,-29.15,-59.65,53.01,60,16,4.05,few clouds
349,Arraias,BR,-12.9288,-46.9437,78.42,25,20,4.97,few clouds
350,Trinidad,BO,-14.8333,-64.9,80.58,61,24,3.44,few clouds
351,Klaksvik,FO,62.2266,-6.589,40.12,68,98,20.94,overcast clouds
352,Harper,LR,4.375,-7.7169,76.17,90,70,5.01,light rain
353,Yulara,AU,-25.2406,130.9889,79.57,18,64,12.82,broken clouds
354,Viseu,PT,40.661,-7.9097,59.74,90,80,3.74,broken clouds
355,Mackay,AU,-21.15,149.2,72.68,74,81,17.94,broken clouds
356,Corinto,GR,37.9407,22.9573,63.9,70,47,2.37,scattered clouds
357,Tessalit,ML,20.1986,1.0114,84.02,17,44,12.37,scattered clouds
358,Iralaya,HN,15.0,-83.2333,80.49,86,100,7.43,overcast clouds
359,Maningrida,AU,-12.0667,134.2667,89.15,43,67,7.72,broken clouds
360,Kalmunai,LK,7.4167,81.8167,77.0,88,91,5.91,overcast clouds
361,Nome,US,64.5011,-165.4064,35.17,75,100,11.5,overcast clouds
362,Xiashi,CN,30.5363,120.6864,59.0,54,94,5.59,overcast clouds
363,Alexandria,EG,31.2156,29.9553,72.68,69,1,6.51,clear sky
364,Yeppoon,AU,-23.1333,150.7333,71.38,75,92,17.92,overcast clouds
365,Eureka,US,40.8021,-124.1637,88.75,74,17,4.61,few clouds
366,Zhangye,CN,38.9342,100.4517,46.47,19,54,2.57,broken clouds
367,Arlit,NE,18.7369,7.3853,84.88,16,0,9.15,clear sky
368,Debre Birhan,ET,9.6833,39.5333,46.63,79,36,2.89,scattered clouds
369,Swellendam,ZA,-34.0226,20.4417,73.38,35,99,4.38,overcast clouds
370,Morant Bay,JM,17.8815,-76.4093,83.82,84,75,9.13,broken clouds
371,Zeya,RU,53.75,127.2667,36.68,65,4,4.9,clear sky
372,Tyler,US,32.3513,-95.3011,84.25,44,0,6.91,clear sky
373,Antofagasta,CL,-23.65,-70.4,58.28,83,13,5.61,few clouds
374,Along,IN,28.1667,94.7667,70.07,100,100,0.92,overcast clouds
375,Bembereke,BJ,10.2283,2.6634,71.08,92,11,4.7,few clouds
376,Baturaja,ID,-4.1333,104.1667,74.79,93,100,1.19,overcast clouds
377,Paramonga,PE,-10.6667,-77.8333,62.19,86,21,10.02,few clouds
378,Ada,US,43.4166,-116.1262,76.35,23,0,11.5,clear sky
379,Kijang,KR,35.2442,129.2139,55.13,50,1,4.99,clear sky
380,Kuching,MY,1.55,110.3333,75.42,94,40,2.3,mist
381,Iberia,US,29.9502,-91.7507,80.67,32,0,8.05,clear sky
382,Mount Isa,AU,-20.7333,139.5,85.77,23,6,10.36,clear sky
383,Port Blair,IN,11.6667,92.75,75.24,94,75,2.3,mist
384,Pareora,NZ,-44.4871,171.2132,62.19,36,53,8.77,broken clouds
385,Tiarei,PF,-17.5333,-149.3333,80.62,79,21,12.66,light rain
386,Norman Wells,CA,65.282,-126.8329,32.04,100,100,33.38,light snow
387,Abashiri,JP,44.0213,144.2697,57.49,88,75,10.36,broken clouds
388,Chokurdakh,RU,70.6333,147.9167,19.44,81,98,17.18,overcast clouds
389,La Sierra,CO,2.1784,-76.7626,57.58,89,54,6.49,broken clouds
390,Ha Tinh,VN,18.3333,105.9,69.33,79,98,5.48,overcast clouds
391,Kirovo-Chepetsk,RU,58.5539,50.0399,37.49,90,9,1.9,clear sky
392,Sadovoye,RU,47.7764,44.5089,55.35,82,77,16.33,broken clouds
393,Mandera,KE,3.9366,41.867,77.32,61,40,18.32,scattered clouds
394,Irtyshskiy,RU,58.3333,68.1333,46.09,78,100,9.86,overcast clouds
395,Yumen,CN,40.2833,97.2,43.14,18,32,5.61,scattered clouds
396,Svetlogorsk,BY,52.6333,29.7333,39.43,85,13,2.71,few clouds
397,Kristianstad,SE,56.0313,14.1524,49.35,94,88,8.05,overcast clouds
398,Manggar,ID,-2.8833,108.2667,77.34,89,100,7.76,moderate rain
399,Khash,IR,28.2211,61.2158,56.01,13,0,2.26,clear sky
400,Makinsk,KZ,52.6292,70.4169,40.64,80,59,9.48,broken clouds
401,Naze,JP,28.3667,129.4833,70.72,56,100,15.1,overcast clouds
402,Lebu,CL,-37.6167,-73.65,48.63,81,1,17.92,clear sky
403,Saldanha,ZA,-33.0117,17.9442,59.05,93,100,14.43,overcast clouds
404,Caravelas,BR,-17.7125,-39.2481,75.47,78,45,8.16,scattered clouds
405,Yatou,CN,37.15,122.3833,54.66,60,2,6.44,clear sky
406,Brekstad,NO,63.687,9.6654,47.01,81,20,23.02,light rain
407,Paamiut,GL,61.994,-49.6678,37.63,87,100,13.06,light rain
408,Inta,RU,66.0317,60.1659,37.58,95,100,20.65,overcast clouds
409,Apac,UG,1.9756,32.5386,64.02,94,32,3.44,scattered clouds
410,Amapa,BR,1.0,-52.0,77.88,72,64,4.29,broken clouds
411,Colonia,DE,50.9333,6.95,52.59,83,0,2.3,clear sky
412,Doka,SD,13.5167,35.7667,71.87,74,4,3.13,clear sky
413,Isangel,VU,-19.55,169.2667,82.51,69,75,6.91,broken clouds
414,Saravan,AM,39.7196,45.6483,47.71,56,0,4.34,clear sky
415,Ewa Beach,US,21.3156,-158.0072,87.01,65,0,9.22,clear sky
416,Vitim,RU,59.4511,112.5578,33.1,98,100,2.55,overcast clouds
417,Henties Bay,NA,-22.116,14.2845,61.5,88,82,2.26,broken clouds
418,Tapes,BR,-30.6733,-51.3958,58.12,91,100,14.92,overcast clouds
419,Kloulklubed,PW,7.0419,134.2556,79.3,69,93,12.41,overcast clouds
420,Vila Franca Do Campo,PT,37.7167,-25.4333,74.19,90,40,5.08,scattered clouds
421,Mangan,IN,27.5167,88.5333,70.77,92,100,1.32,light rain
422,Conceicao Do Araguaia,BR,-8.2578,-49.2647,83.68,29,34,2.8,scattered clouds
423,Daru,PG,-9.0763,143.2092,82.78,78,100,9.48,overcast clouds
424,Hobyo,SO,5.3505,48.5268,76.86,85,26,21.27,scattered clouds
425,Husavik,IS,66.0449,-17.3389,19.99,90,85,15.19,overcast clouds
426,Salamiyah,SY,35.0113,37.0532,64.11,72,0,2.82,clear sky
427,Yeniseysk,RU,58.4497,92.1703,42.03,91,100,11.1,light rain
428,Lodja,CD,-3.4833,23.4333,66.99,95,83,2.04,light rain
429,Rundu,NA,-17.9333,19.7667,67.96,19,5,5.84,clear sky
430,Northam,GB,51.0333,-4.2167,52.61,72,72,5.57,broken clouds
431,Cabedelo,BR,-6.9811,-34.8339,79.47,78,37,16.11,scattered clouds
432,Tabou,CI,4.423,-7.3528,76.35,91,85,6.17,light rain
433,Marsh Harbour,BS,26.5412,-77.0636,82.18,74,14,10.29,moderate rain
434,Sinnamary,GF,5.3833,-52.95,79.7,89,36,10.42,light rain
435,Araouane,ML,18.9048,-3.5265,89.85,16,6,0.78,clear sky
436,Mogadishu,SO,2.0371,45.3438,76.89,80,3,13.04,clear sky
437,Dubuque,US,42.4833,-90.8668,66.79,51,0,6.91,clear sky
438,Xiuyan,CN,40.2928,123.2744,42.62,57,1,4.41,clear sky
439,Fort Saint James,CA,54.4333,-124.25,56.48,27,2,10.65,clear sky
440,Vestmannaeyjar,IS,63.4427,-20.2734,42.42,71,97,18.37,overcast clouds
441,Springdale,US,36.1867,-94.1288,73.51,60,75,6.91,broken clouds
442,Atar,MR,20.5169,-13.0499,91.83,23,83,4.27,broken clouds
443,Jackson,US,42.4165,-122.8345,85.15,26,0,3.0,haze
444,Shimoda,JP,34.6667,138.95,71.96,52,100,24.99,overcast clouds
445,Bonthe,SL,7.5264,-12.505,76.87,89,54,4.97,moderate rain
446,Goksun,TR,38.021,36.4973,50.14,75,0,6.93,clear sky
447,Porto Belo,BR,-27.1578,-48.5531,60.75,94,100,8.3,moderate rain
448,Narsingdi,BD,23.9208,90.7181,82.42,92,77,5.91,broken clouds
449,Khani,GE,41.9563,42.9566,51.37,98,100,1.81,overcast clouds
450,Puerto Rondon,CO,6.2805,-71.1,78.39,76,61,4.32,broken clouds
451,Esil,KZ,51.9556,66.4042,44.69,60,30,8.03,scattered clouds
452,Almaznyy,RU,48.0448,40.045,47.77,92,82,12.19,broken clouds
453,May Pen,JM,17.9645,-77.2451,83.41,88,61,1.72,broken clouds
454,Airai,TL,-8.9266,125.4092,68.7,63,100,2.26,overcast clouds
455,San Quintin,MX,30.4833,-115.95,70.02,78,28,14.18,scattered clouds
456,Khipro,PK,25.8285,69.3772,81.88,22,0,4.12,clear sky
457,Nouadhibou,MR,20.931,-17.0347,75.18,73,72,12.66,broken clouds
458,Zambezi,ZM,-13.5432,23.1047,64.71,33,36,5.66,scattered clouds
459,Atocha,BO,-20.9333,-66.2333,43.03,6,0,28.61,clear sky
460,Sao Joao Da Barra,BR,-21.6403,-41.0511,77.09,88,25,11.23,scattered clouds
461,Papara,BR,-3.9839,-38.7273,79.2,85,22,4.27,few clouds
462,Half Moon Bay,US,37.4636,-122.4286,83.53,72,20,17.27,few clouds
463,Mujiayingzi,CN,42.1167,118.7833,41.05,31,0,5.41,clear sky
464,Mimoso Do Sul,BR,-21.0642,-41.3664,72.21,95,27,2.62,scattered clouds
465,Moose Factory,CA,51.2585,-80.6094,50.0,53,75,13.8,broken clouds
466,Mount Gambier,AU,-37.8333,140.7667,60.51,57,92,12.35,overcast clouds
467,Lookan,PH,5.037,120.1027,83.79,74,100,14.34,overcast clouds
468,Bako,ET,5.7833,36.5667,62.82,83,64,4.14,broken clouds
469,Singaraja,ID,-8.112,115.0882,81.27,75,100,3.47,overcast clouds
470,Sungairaya,ID,0.7,108.9,76.93,90,100,4.34,light rain
471,Arman,RU,59.7,150.1667,25.02,67,71,6.44,broken clouds
472,Altamont,US,42.2068,-121.7372,78.64,26,0,12.66,clear sky
473,Catia La Mar,VE,10.6038,-67.0303,79.59,89,94,8.63,overcast clouds
474,Beira,MZ,-19.8436,34.8389,77.09,83,40,7.0,scattered clouds
475,Owando,CG,-0.4819,15.8999,70.61,96,89,2.17,overcast clouds
476,Belyy Yar,RU,53.6039,91.3903,42.69,86,0,8.95,clear sky
477,Tarbagatay,RU,51.4803,107.3602,18.93,63,89,3.02,overcast clouds
478,Mahebourg,MU,-20.4081,57.7,70.09,88,75,9.22,broken clouds
479,Santa Isabel,BR,-23.3156,-46.2214,67.3,99,100,2.3,overcast clouds
480,Saint-Paul,RE,-21.0096,55.2707,68.11,79,42,0.78,scattered clouds
481,Gweru,ZW,-19.45,29.8167,62.04,54,0,9.75,clear sky
482,Sabha,LY,27.0377,14.4283,72.82,28,22,6.89,few clouds
483,Lishu,CN,43.3047,124.3278,38.66,62,0,8.7,clear sky
484,Kralendijk,BQ,12.15,-68.2667,82.38,83,40,12.66,scattered clouds
485,Mamallapuram,IN,12.6264,80.1722,82.45,83,86,8.86,overcast clouds
486,Flin Flon,CA,54.7682,-101.865,69.64,37,20,11.5,few clouds
487,Qasigiannguit,GL,68.8193,-51.1922,25.05,85,100,2.66,overcast clouds
488,Aranos,NA,-24.1333,19.1167,72.48,14,42,17.56,scattered clouds
489,Gambo,CF,4.6482,22.2633,68.56,99,100,1.95,moderate rain
490,Chicama,PE,-7.8447,-79.1469,59.54,80,34,7.58,scattered clouds
491,Maceio,BR,-9.6658,-35.7353,78.24,78,40,9.22,scattered clouds
492,Waycross,US,31.2136,-82.354,79.05,74,0,0.0,clear sky
493,Mineros,BO,-17.1167,-63.2333,67.91,48,1,4.47,clear sky
494,High Prairie,CA,55.4334,-116.4858,51.96,44,90,12.62,overcast clouds
495,Russell,US,32.3502,-85.1999,74.8,38,0,0.0,clear sky
496,Tahe,CN,52.3333,124.7333,36.14,61,3,3.22,clear sky
497,Brewster,US,41.3973,-73.6171,58.19,79,0,5.75,clear sky
498,Padang,ID,-0.9492,100.3543,73.45,79,100,2.86,overcast clouds
499,Evensk,RU,61.95,159.2333,26.8,64,70,3.65,broken clouds
500,Humen,CN,22.819,113.6731,73.06,29,7,10.07,clear sky
501,Shingu,JP,33.7333,135.9833,66.11,52,94,7.74,overcast clouds
502,Cockburn Town,TC,21.4612,-71.1419,83.21,76,16,17.65,few clouds
503,Twentynine Palms,US,34.1356,-116.0542,89.98,22,4,5.01,clear sky
504,Flores,GT,16.9226,-89.8994,72.97,99,100,2.59,overcast clouds
505,Alice Springs,AU,-23.7,133.8833,78.35,12,95,14.97,overcast clouds
506,Srednekolymsk,RU,67.45,153.6833,21.34,81,75,12.82,broken clouds
507,Boueni,YT,-12.9025,45.0761,75.18,69,0,5.41,clear sky
508,Bosobolo,CD,4.1833,19.9,69.01,96,100,0.63,overcast clouds
509,Havelock,US,34.8791,-76.9013,67.98,81,43,5.53,scattered clouds
510,Arroyo,ES,41.6096,-4.7969,61.59,87,40,3.44,scattered clouds
511,Bongandanga,CD,1.5,21.05,69.46,95,100,0.78,light rain
512,Ambon,ID,-3.6954,128.1814,86.14,74,20,4.61,few clouds
513,Resistencia,AR,-27.4606,-58.9839,61.11,58,0,5.75,clear sky
514,Pandan Niog,PH,6.2282,120.5631,83.7,75,91,14.74,overcast clouds
515,Moron,AR,-34.6534,-58.6198,60.98,66,68,10.42,broken clouds
516,Eenhana,NA,-17.4667,16.3333,72.95,13,18,9.46,few clouds
517,Estelle,US,29.8458,-90.1067,78.01,49,0,5.75,clear sky
518,Laguna,US,38.421,-121.4238,94.1,27,0,9.22,clear sky
519,Ust-Ilimsk,RU,58.0006,102.6619,40.44,94,100,7.38,overcast clouds
520,Novo Aripuana,BR,-5.1206,-60.3797,79.07,71,100,3.33,light rain
521,Fallon,US,39.4735,-118.7774,82.27,12,0,8.05,clear sky
522,Petropavlovka,RU,50.6114,105.3196,36.59,63,100,3.98,overcast clouds
523,Wewak,PG,-3.5534,143.6268,82.74,75,80,5.57,broken clouds
524,Barabai,ID,-2.5833,115.3833,73.89,97,100,0.63,overcast clouds
525,Urupes,BR,-21.2017,-49.29,72.73,85,100,8.43,overcast clouds
526,Buchanan,LR,5.8808,-10.0467,77.32,87,73,4.63,light rain
527,Tura,IN,25.5198,90.2201,70.72,98,82,4.43,broken clouds
528,Talnakh,RU,69.4865,88.3972,34.21,99,100,6.02,light snow
529,Cedar City,US,37.6775,-113.0619,70.77,24,0,5.75,clear sky
530,Kangaatsiaq,GL,68.3065,-53.4641,29.82,76,100,18.97,overcast clouds
531,Pleasanton,US,37.6624,-121.8747,90.32,48,0,5.99,clear sky
532,Johi,PK,26.6921,67.6133,80.35,20,0,2.91,clear sky
533,Ternate,ID,0.8,127.4,81.91,74,94,2.17,overcast clouds
534,Mucuri,BR,-18.0864,-39.5508,75.9,82,21,12.33,few clouds
535,Kropotkin,RU,45.4375,40.5756,52.38,73,2,17.25,clear sky
536,Hun,LY,29.1268,15.9477,72.52,34,4,8.21,clear sky
537,Dakar,SN,14.6937,-17.4441,81.48,94,0,9.22,clear sky
538,Ketchikan,US,55.3422,-131.6461,54.07,54,75,4.61,broken clouds
539,Tokur,RU,53.1333,132.9,29.59,60,87,4.81,overcast clouds
540,Karoi,ZW,-16.8099,29.6925,65.43,47,0,7.31,clear sky
541,Ostrovnoy,RU,68.0531,39.5131,39.88,92,51,11.97,broken clouds
542,Hutchinson,US,38.0608,-97.9298,73.35,53,100,20.71,overcast clouds
543,Preobrazheniye,RU,42.9019,133.9064,46.04,82,58,14.32,broken clouds
544,Shar,KZ,49.5886,81.0453,38.25,81,34,3.6,scattered clouds
545,Matara,LK,5.9485,80.5353,76.12,90,100,6.17,overcast clouds
546,Banjar,ID,-8.19,114.9675,80.04,81,100,4.47,overcast clouds
547,Marsa Matruh,EG,31.3525,27.2453,70.56,72,0,6.73,clear sky
548,Pijijiapan,MX,15.7011,-93.23,74.44,97,100,2.1,overcast clouds
549,Rafai,CF,4.95,23.9167,68.67,98,98,2.26,light rain
550,Deputatskiy,RU,69.3,139.9,6.78,93,63,6.33,broken clouds
551,Vikersund,NO,59.9659,9.995,44.04,90,17,4.7,few clouds
552,Ulaanbaatar,MN,47.9077,106.8832,15.93,86,0,2.24,clear sky
553,Cepelare,BG,41.7333,24.6833,46.45,84,99,2.15,overcast clouds
554,Dalbandin,PK,28.8947,64.4101,62.94,11,0,6.17,clear sky
555,Rawson,AR,-43.3002,-65.1023,61.84,32,18,16.08,few clouds
556,Sativasur,CO,6.0936,-72.7122,51.24,90,79,4.56,broken clouds
557,Urucui,BR,-7.2294,-44.5561,86.34,29,79,4.85,broken clouds
558,Dori,BF,14.0354,-0.0345,89.28,36,55,8.77,broken clouds
559,Horta,PT,38.5333,-28.6333,69.03,87,30,3.0,scattered clouds
560,Yazd,IR,31.8972,54.3675,67.35,15,0,3.44,clear sky
561,Forest Lake,US,45.2789,-92.9852,67.26,52,0,7.0,clear sky
562,Umm Lajj,SA,25.0213,37.2685,81.43,55,0,9.15,clear sky
563,Santo Antonio Do Ica,BR,-3.1022,-67.9397,76.82,81,74,2.77,broken clouds
564,Cabo Rojo,PR,18.0866,-67.1457,80.89,87,52,8.01,broken clouds
565,Niksic,ME,42.7731,18.9445,55.67,95,100,3.65,overcast clouds
566,Kitgum,UG,3.2783,32.8867,66.2,84,59,2.13,light rain
567,Warrington,GB,53.3925,-2.5802,50.32,88,97,3.85,overcast clouds
568,Phalaborwa,ZA,-23.943,31.1411,69.08,86,0,4.38,clear sky
569,Bozeman,US,45.6796,-111.0386,72.82,30,0,4.61,clear sky
570,Miri,MY,4.4148,114.0089,75.34,100,40,1.14,scattered clouds
571,Zabaykalsk,RU,49.6333,117.3167,40.8,29,65,0.69,broken clouds
572,Marabba,SD,12.35,32.1833,78.31,65,52,6.44,broken clouds
573,Bantacan,PH,7.604,126.1298,82.54,80,100,0.96,overcast clouds
574,Vestmanna,FO,62.1564,-7.1664,38.32,81,98,11.5,overcast clouds
575,Chilca,PE,-12.5211,-76.7372,60.73,88,67,10.22,broken clouds
576,Shenjiamen,CN,29.9576,122.298,61.07,66,53,15.26,broken clouds
577,Baherden,TM,38.4362,57.4316,64.47,22,0,5.55,clear sky
578,Port Hueneme,US,34.1478,-119.1951,80.51,78,40,8.05,scattered clouds
579,Assiniboia,CA,49.6334,-105.9845,71.42,20,24,17.27,few clouds
580,Bantou,CN,26.2151,117.4893,60.24,44,10,2.39,clear sky
581,Tazovskiy,RU,67.4667,78.7,37.67,94,100,10.45,light rain
582,Faro,PT,37.0194,-7.9322,67.17,94,20,8.05,few clouds
583,Kargasok,RU,59.0556,80.8572,45.93,86,100,14.92,light rain
584,Quang Ngai,VN,15.1167,108.8,76.12,91,94,9.4,overcast clouds
585,Hella,NO,67.2,14.4333,46.54,89,100,11.5,overcast clouds
586,Porto Novo,BJ,6.4965,2.6036,80.42,89,83,4.05,broken clouds
587,Campbellton,CA,48.0075,-66.6727,43.25,78,55,4.92,broken clouds
588,Kearney,US,40.6995,-99.0815,75.11,34,0,14.97,clear sky
589,Tolstoy-Yurt,RU,43.4444,45.7722,59.32,88,75,17.9,light intensity shower rain
590,Praia Da Vitoria,PT,38.7333,-27.0667,70.05,88,20,7.11,few clouds
591,Marawi,PH,7.9986,124.2928,74.68,84,94,0.87,overcast clouds
592,Coahuayana,MX,18.7333,-103.6833,83.43,76,85,2.86,overcast clouds
593,Lieksa,FI,63.3167,30.0167,47.32,85,62,17.45,broken clouds
594,Nemuro,JP,43.3236,145.575,55.87,90,100,15.48,light rain
595,Ust-Omchug,RU,61.15,149.6333,16.88,86,99,1.36,overcast clouds
596,Pirassununga,BR,-21.9961,-47.4258,69.46,88,0,6.91,clear sky
597,Tezu,IN,27.9167,96.1667,71.51,99,100,2.46,overcast clouds
598,Tutoia,BR,-2.7619,-42.2744,79.72,80,56,12.71,broken clouds
599,Gumdag,TM,39.2061,54.5906,66.47,18,30,16.06,scattered clouds
600,Teluknaga,ID,-6.0989,106.6381,83.62,100,20,2.3,mist
601,Raudeberg,NO,61.9875,5.1352,43.95,1,80,26.82,light rain
602,Bogo,PH,11.0517,124.0055,83.59,75,55,8.95,broken clouds
603,Kamaishi,JP,39.2667,141.8833,62.49,78,100,9.89,overcast clouds
604,Kruisfontein,ZA,-34.0033,24.7314,64.89,53,100,5.79,overcast clouds
605,High Level,CA,58.5169,-117.136,57.31,30,40,13.8,scattered clouds
606,Malanje,AO,-9.5402,16.341,67.05,75,21,5.88,few clouds
607,Praya,CV,14.9215,-23.5087,79.34,78,75,12.66,broken clouds
608,Charters Towers,AU,-20.1,146.2667,80.2,51,51,13.33,broken clouds
609,Teguise,ES,29.0605,-13.564,66.42,78,20,3.44,few clouds
610,Samarai,PG,-10.6167,150.6667,82.18,76,32,11.18,scattered clouds
611,Kununurra,AU,-15.7667,128.7333,87.78,55,8,3.44,clear sky
612,Bay Roberts,CA,47.5999,-53.2648,47.95,89,9,1.99,clear sky
613,Saint-Lo,FR,49.1162,-1.0903,48.63,84,70,4.97,broken clouds
614,Lao Cai,VN,22.4833,103.95,65.98,85,42,0.2,scattered clouds
615,Stephenville,US,32.2207,-98.2023,81.93,36,75,8.01,broken clouds
616,Simbahan,PH,6.3032,120.5836,83.89,75,70,14.63,broken clouds
617,Sindor,RU,62.8629,51.8905,38.28,93,50,8.46,scattered clouds
618,Asfi,MA,32.2994,-9.2372,66.7,86,97,2.33,overcast clouds
619,Middletown,US,39.5151,-84.3983,65.48,59,0,4.61,clear sky
620,Soverato,IT,38.685,16.5499,60.75,89,4,8.1,clear sky
621,Forbes,AU,-33.3833,148.0167,68.92,70,100,11.72,overcast clouds
622,Kimbe,PG,-5.5502,150.1429,88.16,55,62,2.68,broken clouds
623,Tshikapa,CD,-6.4167,20.8,70.68,75,27,2.86,scattered clouds
624,Verkhnyaya Toyma,RU,62.2349,44.9985,40.57,93,57,6.53,broken clouds
625,Karratha,AU,-20.7377,116.8463,81.46,20,29,9.33,scattered clouds
626,Eydhafushi,MV,5.1033,73.0708,81.12,80,58,20.07,broken clouds
627,Baiyin,CN,36.5583,104.2081,45.54,44,15,2.51,few clouds
628,Miles City,US,46.4083,-105.8406,68.52,31,24,4.54,few clouds
629,Eidfjord,NO,60.4675,7.0719,43.88,99,100,9.26,overcast clouds
630,Felanitx,ES,39.4696,3.1483,65.95,81,88,4.83,overcast clouds
631,Tupiza,BO,-21.45,-65.7167,54.57,3,0,12.55,clear sky
632,Rapid City,US,44.0805,-103.231,76.3,24,0,12.66,clear sky
633,Nogales,MX,31.3086,-110.9422,69.71,60,100,5.75,overcast clouds
634,Cuiaba,BR,-15.5961,-56.0967,78.73,83,40,4.61,scattered clouds
635,Kramat,ID,-8.1311,113.4499,77.79,88,100,1.25,overcast clouds
636,Soyo,AO,-6.1349,12.3689,76.5,86,6,6.04,clear sky
637,Gigmoto,PH,13.7796,124.39,82.45,81,100,8.23,overcast clouds
638,Ayan,RU,56.45,138.1667,38.95,69,84,10.74,broken clouds
639,Inirida,CO,3.8653,-67.9239,77.16,86,91,3.22,heavy intensity rain
640,Santo Tomas,PH,14.1079,121.1414,84.56,79,65,0.92,broken clouds
641,Pierre,US,44.3683,-100.351,73.27,36,54,1.99,broken clouds
642,Segou,ML,13.4317,-6.2157,83.07,52,33,9.51,scattered clouds
643,Ouadda,CF,8.0777,22.4007,65.75,96,80,1.72,broken clouds
644,Fort-Shevchenko,KZ,44.5086,50.263,63.88,89,46,4.61,scattered clouds
645,North Platte,US,41.1239,-100.7654,75.11,28,0,8.99,clear sky
646,Lensk,RU,60.7253,114.9278,35.38,93,99,3.89,overcast clouds
647,Champerico,GT,14.3,-91.9167,75.74,90,100,6.29,overcast clouds
648,Amalapuram,IN,16.5833,82.0167,75.76,95,100,2.04,overcast clouds
649,Jiangyou,CN,31.7667,104.7167,56.25,72,93,0.92,overcast clouds
650,Ballina,AU,-28.8667,153.5667,65.79,89,95,14.83,overcast clouds
651,Tromso,NO,69.6496,18.957,44.62,87,100,0.0,light rain
652,Shetpe,KZ,44.1667,52.1167,60.84,22,46,10.4,scattered clouds
653,Chavakkad,IN,10.5333,76.05,75.9,89,100,4.18,overcast clouds
654,Faya,SA,18.3851,42.4509,60.91,31,3,4.65,clear sky
655,Ormara,PK,25.2088,64.6357,78.87,47,0,5.59,clear sky
656,Macomb,US,40.4592,-90.6718,71.78,39,0,0.0,clear sky
657,Milledgeville,US,33.0801,-83.2321,66.69,66,0,5.64,clear sky
658,Praia,CV,14.9215,-23.5087,79.34,78,75,12.66,broken clouds
659,Gimli,CA,50.6336,-96.9907,60.82,59,51,14.97,broken clouds
660,Santa Elena,EC,-2.2333,-80.85,67.55,88,100,10.36,overcast clouds
661,Rodgau,DE,50.0263,8.8859,59.36,90,99,5.41,overcast clouds
662,Batemans Bay,AU,-35.7167,150.1833,58.1,54,56,7.36,broken clouds
663,Petropavlovsk-Kamchatskiy,RU,53.0452,158.6483,39.79,65,75,4.47,broken clouds
664,Ankazoabo,MG,-22.2833,44.5167,70.21,69,0,5.68,clear sky
665,Disna,BY,55.568,28.1971,40.06,87,80,6.93,broken clouds
666,Katsuura,JP,35.1333,140.3,71.62,53,98,26.51,overcast clouds
667,Dicabisagan,PH,17.0818,122.4157,77.81,91,100,7.05,heavy intensity rain
668,Tianpeng,CN,30.9866,103.9393,55.87,73,92,3.29,overcast clouds
669,Balikpapan,ID,-1.2675,116.8289,76.19,94,20,5.75,light rain
670,Maragogi,BR,-9.0122,-35.2225,77.68,76,96,10.18,overcast clouds
671,Qui Nhon,VN,13.7667,109.2333,78.78,86,100,16.91,overcast clouds
672,Athabasca,CA,54.7169,-113.2854,52.21,52,100,21.34,overcast clouds
673,Rayachoti,IN,14.05,78.75,71.82,94,99,4.25,overcast clouds
674,Karatau,KZ,43.1667,70.4667,38.23,63,0,2.44,clear sky
675,Ubatuba,BR,-23.4339,-45.0711,70.72,97,100,3.78,overcast clouds
676,Cap Malheureux,MU,-19.9842,57.6142,69.48,75,9,5.99,clear sky
677,Laem Sing,TH,12.4816,102.0738,78.06,100,100,6.31,overcast clouds
678,Batagay-Alyta,RU,67.8006,130.4114,8.02,84,20,3.78,few clouds
679,Qiongshan,CN,20.0058,110.3542,75.18,64,0,8.95,clear sky
680,Hamada,JP,34.8833,132.0833,59.72,64,100,14.56,overcast clouds
681,Da Nang,VN,16.0678,108.2208,78.78,78,75,11.5,broken clouds
682,Pueblo,US,38.2545,-104.6091,75.96,17,1,5.01,clear sky
683,Saint Anthony,US,45.0205,-93.218,66.88,45,0,5.1,clear sky
684,San Jose Iturbide,MX,21.0,-100.3833,65.59,70,99,8.95,overcast clouds
685,Liuhe,CN,42.2401,125.7172,36.48,79,8,4.29,clear sky
686,Merrill,US,45.1805,-89.6835,55.89,72,13,6.38,few clouds
687,Tuatapere,NZ,-46.1333,167.6833,51.33,63,92,12.17,overcast clouds
688,Asyut,EG,27.181,31.1837,71.69,54,0,12.62,clear sky
689,Tiznit,MA,29.5833,-9.5,62.58,80,3,3.15,clear sky
690,Raga,SS,8.4596,25.678,68.94,95,57,1.3,broken clouds
691,Sevilla,ES,37.3824,-5.9761,70.0,82,0,5.01,clear sky
692,Toropets,RU,56.4978,31.6353,38.89,92,98,4.45,overcast clouds
693,Kathmandu,NP,27.7167,85.3167,62.82,94,75,3.44,broken clouds
